{"cameraMode":{"drawMode":0,"name":"Shaded","section":"Shading Mode"},"sceneLighting":false,"audioPlay":false,"sceneViewState":{"m_AlwaysRefresh":false,"showFog":true,"showSkybox":false,"showFlares":true,"showImageEffects":true,"showParticleSystems":true,"showVisualEffectGraphs":true,"m_FxEnabled":true},"in2DMode":false,"pivot":{"x":-1.1920928955078126e-7,"y":1.0227277278900147,"z":0.0014543980360031129},"rotation":{"x":0.0016144518740475178,"y":-0.9643654227256775,"z":0.006103210151195526,"w":0.26475322246551516},"size":1.0532423257827759,"orthographic":false}